Rule ID,Strategy family,Rule component,Proposed rule,Evidence classification,Source,Timestamp,Market,Timeframe,Exact or paraphrased evidence,Contradictory evidence,Mechanical readiness,Research notes
R-001,ALL,Range timeframe,The opening range is built from the FIRST 15-MINUTE CANDLE of the regular session.,Explicit and repeated,V3 seH8Y0RLyjA; V8 9kGsdiiIT_I; V1 SunW-hRFGzY; V5 qf0Vubr8TMY,"V3 00:44; V8 02:06-02:37; V1 07:23,10:08; V5 05:24","NQ/MNQ, SPY/SPX/QQQ",15m,EXACT V3 00:44 'it's the first 15minute candle ... it's the first 15-minute candle high or low'. EXACT V5 05:24 'Orb is based off the 15-minute chart. I don't care what anyone says from top wick to bottom.',"CYCLE 2: V11 02:07 and 04:17 name a FIVE-MINUTE opening range in live use ('break out of this 5minute orb'), tracked before the 15-minute range completes at 09:45 (V11 09:50). R-001 remains correct for the TAUGHT method; the live method uses both. See C-10.",READY,Stable across ~2 years (2024 V3 to 2026 V5). This is the single most reliable rule in the whole body of evidence.
R-002,ALL,Session anchor,Range window is 09:30:00-09:44:59 US Eastern (NYSE cash open). The completed candle is referred to by its close time ('the 9:45 candle').,Explicit and repeated,V1; V3; V4; V2,V1 08:04; V3 02:51; V4 10:44; V2 11:02,"NQ/MNQ, US indices",15m,"EXACT V1 08:04 'The first thing I'm going to do every single day is look at this 9:30 candle right here.' EXACT V2 11:02 'right here, this is your 945 candle. Your 945 candle creates your opening range'.",None within US cash session.,READY,Note the naming convention: Max calls the same candle both 'the 9:30 candle' and 'the 945 candle'. Both refer to 0930-0945. No ambiguity once recognised.
R-003,ALL,Wick inclusion,"The range high and low are the WICK extremes of that candle, not the body.",Explicit and repeated,V3; V1; V5,"V3 01:06; V1 10:08,11:50; V5 05:36",all,15m,"EXACT V3 01:06 'that does include ... the wick of the candle'. EXACT V1 11:50 'Top of the first 15 minute, bottom of the first 15 minute to include the wick.' EXACT V5 05:36 'Yes, you always, always, always include the wick.'",None found.,READY,Confirms Phase 0 hypothesis H2.
R-004,ALL,Pre-market exclusion,"Pre-market and overnight data are deliberately excluded; no gap, news or overnight bias is used.",Explicit and repeated,V1; V5,V1 08:04-09:48; V5 18:33-19:49,all,daily context,EXACT V1 08:04 'I do not care what happens from 4:01 p.m. today until 9:29 a.m. tomorrow. I don't want to know what happened in the pre-market ... I don't care about any earnings reports.' EXACT V1 09:48 'lose the pre-market bias'.,V8 21:17 discusses gap-up statistics and gap-fill probability as inputs; V5 39:16-44:25 the MVG/imbalance indicator is an explicit non-price-action overlay. So 'no other inputs' is not literally true of his wider trading.,READY,Important for the Analyst: the ORB family as taught takes NO pre-market or overnight input at all. That makes it cleanly testable.
R-005,ALL,Midline,A third line is drawn at exactly (ORB high + ORB low) / 2.,Explicit and repeated,V1; V5; V2,"V1 12:10-13:14; V5 06:01,10:43; V2 11:23",NQ,15m level used on all TFs,"EXACT V1 12:10-12:32 measures ORB high to ORB low, '63 and 17 ... gives us 46 divided by two is 23 ... 23 is where we're going to put our ORB midlines'. EXACT V5 06:52 'the midline is the middle of the 15minute candle'.",None found.,READY,Arithmetic midpoint. Fully deterministic.
R-006,"F1,F2,F3",Breakout qualification,A valid breakout is a 15-MINUTE BODY CLOSE outside the range. A candle that closes back inside is not a signal.,Explicit and repeated,V1; V8,"V1 22:36,22:56,27:18; V8 05:41-06:43",NQ; US indices,15m,EXACT V1 22:36 'We have a candle closure outside of the orb low or a candle closure outside of the orb high on the 15-minute chart. That's your signal.' EXACT V8 06:11 'once your candle closed inside of orb then that is not a confirmation for entrance for you'.,"V6 07:16 (live) 'got triggered in without body closure. I just let it wick me in off a pending order'. V2 16:37 (live) entered at 09:44, i.e. before the ORB candle had closed. V7 (live) entries taken on 30-second charts inside the range.",READY,The taught rule is unambiguous. The live behaviour is not the taught rule. See CONTRADICTION_REGISTER C-01.
R-007,F1,Entry (15m variant),"Enter at the close of the qualifying 15-minute candle, in the direction of the break.",Explicit but isolated,V8,V8 06:11-06:43,US index (SPX-style chart),15m,"EXACT V8 06:43 'this candle close all the way down here would be my entry for shorts, which is exactly what happened today'.","V1 22:56 and 27:18 instead say: after the 15m close, DROP to 1m/2m and enter on the continuation - i.e. the 15m close is a trigger to look, not an entry.",READY for behavioural discovery; entry price assumption must be set by Analyst,"This is the cleanest single-timeframe candidate. The Analyst must choose close-of-bar vs next-bar-open and record the choice as an Analyst decision, not a source rule."
R-008,F1,Additional confluence at entry,The qualifying 15m close should ALSO break the day's high or low (not just the ORB edge).,Explicit but isolated,V8,V8 06:11-06:43,US index,15m,"EXACT V8 06:11-06:43 enumerates 'a lower low, a lower high, a lower low, a full red bodied candle with a close outside of orb which broke a lower low on the day'.","Not restated in V1, V3 or V5, where the ORB-edge close alone is presented as the signal.",READY (objective) but NOT established as a standing rule,"This is the most mechanical single sentence in the entire body of public material. It is also the only place the 'four levels of candlestick confirmation' are enumerated. Worth testing as an optional filter, flagged as Explicit-but-isolated."
R-009,F2,Entry (lower-timeframe continuation),"After the 15m close outside ORB, drop to 1m/2m and enter on the 'continuation print through'. PRINT THROUGH NOW DEFINED (cycle 2): a candle that trades beyond the PREVIOUS candle's extreme in the trade direction and continues.",Explicit and repeated (procedure); the trigger is now ALSO explicit and repeated (cycle 2),V1; V3; V11 0WddcphxAo8; V10 NF0qHcXp50o,"V1 22:56,27:18; V3 02:51,08:57; V11 08:34,07:44; V10 24:18,12:50",NQ,1m/2m,"EXACT V1 22:56 'Once you have that high closure, 15-minute closure outside of orb, you're going to drop down to the one or two minute. Doesn't matter. You could drop down to the three, four, five. Who cares?' EXACT V1 27:18 'We wait for the 15-minute closure. We drop to a lower time frame. Once we see the continuation print through, this is a gold mine.' || CYCLE 2 DEFINITION: EXACT V11 08:34 'there was my entry - correct, that's what I said, I want to see the print through - the next candle's wick hit 308 and then go.' EXACT V10 24:18 'as soon as I see a candle flip up or print through the previous candle, I'm going long.' EXACT V10 12:50 'We need to see printage, though. If I don't see printage, I'm not a fan.'","The permissiveness ('1, 2, 3, 4, 5 - who cares') means the entry timeframe is a free parameter, not a rule.",READY (upgraded from INCOMPLETE in cycle 2),"RR-002 Q1/P-2. Entry timeframe remains a free parameter (V1 22:56 'one, two, three, four, five - who cares'), but the TRIGGER is no longer an invention. This is the single most testable addition from cycle 2."
R-010,F3,Entry (break and retest / 'one-two punch'),"After the break, wait for price to retest the ORB level, fail there, and close beyond it again; enter on that second candle.",Explicit but isolated,V8,V8 11:50-12:20,US index,1m,"EXACT V8 11:50 'the onew [one-two] punch is always going to be the fail and the retest ... the second retest candle that failed and closed outside of orb, the second this candle made a newer low, that's the retest confirmation and this was your entry today'.","V2 18:41 'break and retest' is named as one of only two patterns he trades, but he says 'Very, very tough to understand break and retests. I could give you an entire class on break and retest' - i.e. he declines to define it.",INCOMPLETE - no tolerance for what counts as a 'retest' (touch? wick? proximity?),Highest-value unresolved definition for the Analyst. See UNRESOLVED_DEFINITIONS U-02.
R-011,"F1,F2,F3",Stop / invalidation (version A - ORB level),Stop at the ORB level that was broken.,Explicit but isolated,V1,V1 26:38-26:58,NQ,15m,"PARAPHRASE V1 26:38 - from the breakout candle close at '03' back to the ORB level at '17' is 14 points; he offers this as one stop zone and a market-structure stop (03 to 33 = 30 points) as another, then says 'you can use different orb as your stop loss criteria'.",V1 41:00 'There's no price targets for me. There's no stop losses for me. All there is is candlestick structure.' Direct self-contradiction within the same video.,"INCOMPLETE - offered as an option, not a rule",See CONTRADICTION_REGISTER C-02.
R-012,"F1,F4",Stop / invalidation (version B - close back inside ORB),The position is closed when price breaks back INSIDE the opening range.,Explicit but isolated,V8,V8 14:52-15:24,US index,1m and 15m,"EXACT V8 14:52 'the break back into orb is where you close your trade. If we break back in and we close in this zone, this is what I'm risking'.",Ambiguity in the same sentence: 'break back in' vs 'close in this zone'. Touch vs close is not settled.,READY IF the Analyst fixes touch-vs-close,"This is the most usable stop definition found because it is a level, not a discretionary judgement. Analyst must pre-register touch vs close."
R-013,F-TB (three bar),Three-bar pattern definition,Bar 1 trends; Bar 2 ranges INSIDE bar 1's body; Bar 3 continues beyond bar 2 in bar 1's direction.,Explicit and repeated,V2; V5,V2 41:21-42:24; V5 15:02-16:22,NQ,any (demonstrated on 1m and 15m),"EXACT V2 41:41 'we trend up, we range within the candle body, and then we continue upwards. That's a three bar right here. Bar number one. Bar number two. Bar number three is the continuation pattern.' EXACT V5 15:56 'trend, range, trend'.",V2 41:41 also warns 'it's not sexy. It's never like some perfect three bar' and labels two visually different formations as three bars - so tolerance is loose in practice.,READY,Fully mechanisable if 'range within the candle body' is read as an inside bar relative to bar 1's BODY (not range). Analyst must pre-register that choice.
R-014,F-TB,Three-bar entry and stop,Enter when bar 3 breaks beyond bar 2's extreme; stop just beyond bar 2's opposite wick.,Explicit but isolated,V2,V2 42:03-42:24,NQ,1m,"EXACT V2 42:03 'You wait for bar number two to form. As soon as bar number three breaks above bar number two, you enter the trade with a stop-loss at the bottom or right below candle 2's wick.'",None found.,READY,"This is the only complete entry+stop pair stated anywhere in the public material. It is a candlestick pattern rule, not an ORB rule, but Max states it is one of only two patterns he trades."
R-015,ALL,Patterns actually traded,Only two entry patterns are traded: break-and-retest and the three bar.,Explicit but isolated,V2,"V2 18:41,43:29",NQ,1m,"EXACT V2 18:41 'There's orb, there's a three bar, one of my favorite patterns. I only trade two candlestick patterns. I only trade two, break and retest and a three bar.'","Live sessions show entries described as neither (wick-and-flip, MVG fill, 'my pattern', pending-order fills).",READY as a scoping statement,Materially narrows what needs to be modelled. Combined with R-013/R-014 this is the most automatable part of the method.
R-016,"F1,F2,F3,F4",Profit target 1,First take-profit is the ORB midline.,Explicit and repeated,V8; V5; V4,"V8 18:38-19:09,32:13; V5 12:54,20:14; V4 06:03",US index; NQ,any,EXACT V8 18:38 'two places to take profit ... 17 minus 7 is 10 so right in the middle ... you could take profit on the break of the midline and that could be your scale out point'. EXACT V5 20:14 'take the short when we broke into orb. Watch the continuation and take profit at midline.',None. This is consistent.,READY,Deterministic level. Note the R multiple implied by ORB-edge stop to midline is roughly 1:1 to 1.5:1 on the examples shown - relevant to the project's 2R requirement.
R-017,"F1,F2,F3,F4",Profit target 2 and runners,Second take-profit is the OPPOSITE ORB edge; remaining size is held as runners to the session close.,Explicit and repeated,V8,"V8 18:38-19:09,32:13,09:47",US index,15m,"EXACT V8 19:09 'real diamond handers you ride the top of orb to the bottom of orb'. EXACT V8 32:13 'first take profit point, second take profit point, runners hold them ... hold your runners until the end of the day because we're most likely going to close with that fuller body candle'.","V1 41:18 'I log off sometimes at 9:40, 9:45. Once the orb is formed to hit an orb trade, I'm going to log off at 9:55.' Also 'One and done'. These cannot both be the rule.",READY (levels) but the holding period is CONTRADICTORY,"See CONTRADICTION_REGISTER C-03. This matters for the project's 180-minute constraint: the runner version breaches it, the midline version does not."
R-018,ALL,Trade count,"'One and done' - one good trade, then log off for the day.",Explicit and repeated in teaching; contradicted in every live session,V1; V5; V2,"V1 40:36-41:38; V5 01:23,28:30; V2 35:43,37:08",NQ,n/a,"EXACT V1 41:18 'I literally log off ... you'll never see me log [in again]'. EXACT V2 37:08 'one and done, consistency over everything'.","V4: at least 5 separate entries plus re-entries and a direction flip. V6: 3+ trades plus a final short. V7 [V6 15:25] 'I only took two trades ... well, three trades'. V2 06:52-11:02: two trades in the first 20 minutes.",READY as a stated rule; FALSE as a description of behaviour,"Central contradiction. The Analyst must test 'one and done' as a variant, not assume it."
R-019,ALL,Re-entry,Re-entry after being stopped out or exiting early is explicitly permitted and encouraged.,Explicit and repeated,V8; V4,"V8 23:52,25:55; V4 19:01",US index; NQ,any,"EXACT V8 25:55 'you should never ever ever have an issue re-entering the trade where the initial analysis was because the data is actually in your favor'. EXACT V4 19:01 'I re-entered, llama. Uh I re-entered the short.'",Conflicts with R-018 'one and done'.,READY,Re-entry is permitted; the NUMBER of re-entries is unbounded in the evidence. Analyst must cap it and record the cap as an Analyst decision.
R-020,"F5,F6",Day-classification heuristic (the six-or-seven candle rule),"If six or seven candles pass without a real break outside the opening range, expect EITHER a larger-than-expected move late in the afternoon OR a choppy inside-range day.","Explicit but isolated (stated once, verbatim, with a chart count)",V3,V3 01:26-01:47; restated V3 04:35,NQ / SPY,"15-minute — CONFIRMED in cycle 3. Six to seven 15m candles from 09:45 lands at 11:15-11:30, exactly the clock time stated independently in V14 18:07.","EXACT V3 01:26 'if you don't have this written down I suggest you write this down now. My rule of thumb is six or seven candles - 1 2 3 4 5 6 7 - if we haven't really broken outside of orb then in my mind we're going to have A) a larger than expected move late in the afternoon or B) a very choppy inside candle or orb day'. || CYCLE 2, V12 28:24 'what did I say last time - we have six candles inside of orb. Now this means two things: one, you're either going to have a larger than expected move now, so you definitely want to play the confirmed break of orb; two, it is going to bounce around orb and stay close within it, usually within about 15 points on each side.' || CYCLE 3, V14 18:07 GIVES IT A CLOCK TIME: 'With Orb, if we're still within orb by 11:30, noon, two things are going to happen: one, you're going to see a larger than expected move breakout in the afternoon, like a very large move; or two, it's going to stay within probably for the rest of the day.'","None, but note the conclusion is DISJUNCTIVE and therefore cannot discriminate prospectively - Max does not claim it can.",TRIGGER READY (timeframe resolved). Conclusion still disjunctive.,U-04 RESOLVED in cycle 2. New: the second branch is QUANTIFIED (approx 15 points either side of ORB) and the action attached is to PLAY THE CONFIRMED BREAK - which contradicts R-021 (fade the edges). See C-11. || U-04 now CONFIRMED rather than inferred: two independent statements ~2 years apart agree.
R-021,F5,Action when the range holds (chop),"When the day is classified as chop, fade the range: long at the ORB low, short at the ORB high.",Explicit and repeated,V3; V1,"V3 01:47; V1 21:15,22:16",NQ / SPY,15m and lower,EXACT V3 01:47 'that means this becomes a short every time you hit the top'. EXACT V1 21:15 'you got to go long at the bottom and short the top. That's how you play the chop.',V1 22:16 also says the alternative response is to stand aside and 'wait till you hit those key levels'. V3 16:13 'choppy choppy day maybe you take today off'. || CYCLE 2 DIRECT CONTRADICTION: V12 28:55 attaches the OPPOSITE action to the same condition - 'you definitely want to play the confirmed break of orb'. See C-11.,READY (objective levels) but the gating condition is not discriminating,"Two permitted actions (fade, or stand aside) for the same condition. Analyst should test the fade as its own candidate and treat 'stand aside' as the null."
R-022,F4,Failed-move axiom,Nothing is more bullish than a failed bearish move and nothing more bearish than a failed bullish move.,Explicit and repeated (4 independent sources over ~1 year),V1; V2; V5; V8,V1 31:47-32:08; V2 34:20-35:43; V5 08:34; V8 17:04,NQ; US indices,any,"EXACT V8 17:04 'nothing is more bearish than a failed bullish move and nothing is more bullish than a failed bearish move'. EXACT V2 35:02 'if the short ain't working, then it's probably time to go long'.",None.,"Axiom, not a rule - needs an operational definition of 'failed'",This is the most-repeated statement in the entire body of material and is the premise behind family F4.
R-023,F4,Failed-breakout reversal - operational form,"Price breaks out of ORB, then breaks back INSIDE the range; take the opposite direction and target the opposite ORB edge.",Explicit but isolated (only V8 states it as a sequence with an action and a target),V8; supported by V1 example,V8 16:33-17:34; V1 32:30-33:13,US index; NQ,15m with 1m confirmation,EXACT V8 17:04-17:34 'now that we have failed to break to the upside and we have broke back inside of the opening range I would play a short all the way down to the bottom ... this confirmation newer low I would play a short onto the bottom unless it broke the structure up here'. V1 32:50 describes the bullish mirror: 'Broke back into ORB. Break and retest of ORB. Wick back up and continuation into a market structure break with a higher low confirmed' - ridden to the midline for ~80 points.,"V1 32:50 adds THREE further conditions (break-and-retest, wick back up, market-structure break with a higher low) that V8 does not require. The two descriptions are not the same trigger.",PARTIALLY READY - the event is objective; the entry trigger is not settled,Does the return inside require a CLOSE inside? V8 says 'break back in ... and we close in this zone' - ambiguous. Does the original breakout extreme become the stop? NEVER STATED anywhere. See U-05.
R-024,F4 vs F1,Does Max distinguish continuation from reversal prospectively?,He states a preference for reversals but gives no prospective discriminator.,Explicit (the preference); Unresolved (the discriminator),V2,V2 33:38-34:20,NQ,1m,"EXACT V2 33:38 'I'll tell you right now, I prefer reversal trading. I think the moves are more aggressive, but riding the trend is the most consistent way of trading. So it's very much tough to manage both, and being able to flip your bias while it's happening like I did today.' EXACT V2 13:26 he poses the question 'How do I know if it's a reversal versus a breakout?' and answers it with market structure - the previous lower high - not with an ORB rule.",V2 13:26-15:34 does give an answer: the reversal is confirmed when price breaks AND CLOSES beyond the last opposing swing point (lower high / higher low). That is prospective and objective on a given timeframe.,PARTIALLY READY,"CRITICAL for the mandate's instruction not to merge continuation and reversal. The only prospective discriminator Max offers is market-structure break, and he offers it on the 1-minute chart, not via ORB."
R-025,"F1,F2,F3,F4",Market structure break,"On the working timeframe, the trend is broken when price breaks and closes beyond the most recent opposing swing (last lower high in a downtrend, last higher low in an uptrend).",Explicit and repeated,V2; V5; V3,"V2 14:09-15:34,17:18; V5 30:37-33:44; V3 12:24",NQ,1m primarily,"EXACT V2 15:12 'This break and closure above this market structure right here now 100% tells you this lower high was taken out. The downtrend is broken ... once it's taken out, even once, we are no longer downtrending on the one minute time frame.' EXACT V3 12:45 'when you have that simple higher low, higher low, and then we have a lower low, that's an invalidation of your current analysis, it's time to get out.'",Swing-point identification itself is drawn by hand on the chart and is not given a mechanical definition (no fractal/bar-count rule).,PARTIALLY READY,Needs a swing-detection rule the Analyst must supply. Record as an Analyst decision.
R-026,ALL,Bias from the midline,Above the ORB midline = bullish; below = bearish. Above ORB = uptrending; below ORB = downtrending.,Explicit but isolated,V5,V5 10:43-11:37,NQ,any,"EXACT V5 10:43 'Take the orb midline. If it's below the orb midline ... we are bearish. If we are above the orb midline, we are bullish. If we are below orb ... we are downtrending. If we are above orb, we are uptrending. I don't need to know much more than that.'",V7 14:59 (live) 'we're above orb. Above orb means you go long. This is quite simple to understand' - consistent. But in the same breath he then says nothing looks good and does not go long.,READY,Fully deterministic directional filter. Cheap to test and it is a genuine candidate filter rather than an invented one.
R-027,ALL,Second liquidity zone,Previous day's high and low are the second-most-important intraday levels after ORB — and breaking one AT THE SAME TIME as the ORB is a named filter with a claimed 85-87% success rate.,Explicit but isolated,V8,V8 08:15-08:46,US index,daily,"EXACT V8 08:15 'we're going to mark out the previous day's high and the previous day's low. Now that is going to give us our second major liquidity zone.' || CYCLE 3, V14 18:58: 'There's an 85 to 87% chance of success if you break orb and previous day highs or lows at the same time. So if you start breaking on this daily candle right here on NQ, if you start breaking Orb and the highs, you're most likely going to see continuations.'",V4 09:47 (live) also references 'the opening print' as a target. V1 mentions 'previous days high and low' at 09:59 in V3.,READY,"Objective. Optional confluence filter, not part of the core ORB trigger. || Promoted from a level to a quantified conjunction filter. See CL-021."
R-028,ALL,Entry timeframe drift over time,"The working execution timeframe moved from 15m/1m (2024-2025) to explicitly 1-minute (2026), with 30-second charts used live.",Demonstrated but unstated / Historical drift,V3 (2024); V1 (2025-10); V2 (2026-08); V7 (2025-10 live),"V3 08:57; V1 22:56; V2 29:50; V7 01:17,04:43",NQ,1m / 30s,"EXACT V2 29:50 'the one minute chart is what I trade on. One minute chart is what I trade on.' EXACT V7 01:17 (live) 'on the 30 second time frame, if I see a print through this I'll jump at it'.",V2 29:50 immediately adds 'You can trade on any chart you feel comfortable with ... the picture should look the same.',n/a,"Not a rule change so much as an increasing permissiveness. The Analyst should treat execution timeframe as a parameter to discover, not a constant to assume."
R-029,OTHER SESSIONS,Non-US session anchors,"The same construction is claimed to apply to the futures 18:00 ET open, the London 03:00 ET open and an Asia open in the 20:00-21:00 ET window.","Explicit but isolated, and NOT demonstrated",V1; V3,V1 29:01-29:42; V3 02:07,"claimed for FX, crypto, commodities, stocks",15m,EXACT V1 29:01 'The opening range is applicable to 6:00 to 6:15 when the market opens. The opening range breakout is applicable to the Asia open between 8:00 and 9:00 p.m. Eastern Standard Time. If you want to do 8:15 or 9:15 from the open. How about London? 3:00 a.m. Eastern Standard Time to 3:15 Eastern Standard Time.',"The Asia window is given three different ways in one sentence (8-9pm, 8:15, 9:15) and is therefore not defined. No non-US example is ever shown on a chart.",INCOMPLETE for Asia; READY for London (03:00-03:15 ET) and the 18:00 ET futures open,"DO NOT assume the US-session evidence transfers to FX. Max's own support for FX is third-party anecdote ('people are DMing me saying it works like a charm', V3 09:18)."
R-030,ALL,Sizing,50k account: 5 micros to 1 mini. 100k: double. 150k: 3 minis. Size DOWN when volatility is high so the stop can be wider.,Explicit and repeated,V2; V5,V2 35:43-36:25; V5 21:33-23:45,NQ/MNQ,n/a,"EXACT V2 35:43 '50k account based on volatility, you go five micros to one mini, you double it for 100, you triple it for 150. So for a 150k account, I normally trade three minis.' EXACT V5 22:25 'instead of playing my normal one to three mini size, I was playing three to five micro size because I knew that a 10 to 15 point stop-loss was not going to work today'.",None.,READY,"The volatility-adaptive stop is the substantive point: stop width is set from the day's volatility, not fixed. No formula (no ATR multiple) is ever given."
R-031,ALL,Platform-level TRAIL parameters used live (NOT an initial stop),"80-tick stop / 70-tick trail / 60-tick trail trigger is a TRAILING configuration in WealthCharts, not the initial risk unit.",Demonstrated but unstated as a rule,V2,V2 07:33,NQ,n/a,"EXACT V2 07:33 'these are my current risk parameters. 80 tick stop-loss, trailing at 70 with a trail after trigger at 60 ticks, guys. 60 ticks. That's only 14 points.' (the arithmetic in the quote is his, and is wrong: 60 NQ ticks = 15 points)","CORRECTED IN CYCLE 2. No instance was found, in any of 12 videos, of 80 ticks used as an INITIAL stop. Every stated initial stop in a live session is a level (candle extreme / structure), 6-17 NQ points.",READY,RR-002 Q2.1 answered: do NOT use 80 ticks as an initial stop in EXP-008.
R-032,F7 (pre-ORB),Pre-ORB entries,Trades taken before 09:45 are NOT governed by any published ORB rule.,Explicit (that they are undisclosed) and Demonstrated,V6,"V6 06:46,14:00,05:31",NQ/MNQ,30s/1m,"EXACT V6 06:46 'Easy few two [Futures Two]. I've been talking about it with my students over the last sessions. You guys know exactly what I'm talking about' and 'Is futures two available for purchase? Yeah, it's called the mastermind. You get five strategies.' EXACT V6 14:00 'It hasn't gave no criteria for the zone yet ... It would have to print below like 29 for me to take this honestly. Too many RFGs back-to-back for me to take it on the first.'",None - he is explicit that the criteria are paid content.,NOT RESEARCHABLE FROM PUBLIC EVIDENCE,"The mandate asks whether entry occurs before the ORB forms. Answer: yes, frequently - but using a different, undisclosed, paid strategy. It must NOT be folded into the ORB families."
R-033,POWER HOUR,Power-hour ORB,No power-hour ORB was found. The 'Power Hour Special' show does not use the opening range and Max does not host it.,Unresolved / provisionally rejected (1 of 29+ episodes sampled),V9,"V9 whole video, 240 caption blocks keyword-scanned",NQ,5m/1m,"The word 'orb' and the phrase 'opening range' do not occur once in the episode. The levels used are a proprietary 'sauce box' with its own midline (V9 1:03:49 '24 is the midline of sauce box'), plus 'Quantum Shift' and 'Pivot Hunter Pro' (V9 1:43:35). Hosts are Vlady, Logan and Havi (V9 0:15:06). Max is absent.",None found; but only one episode of 29+ was sampled.,n/a,Phase 0 listed 'power-hour ORB' as a distinct family. On this evidence that is NOT supported. Recorded as provisionally rejected pending a second sample.
R-034,ALL,Instruments demonstrated,"All demonstrated ORB trading in the reviewed sample is US index futures (NQ/MNQ, ES/MES) and US index options (SPX/SPY/QQQ).",Explicit and repeated (demonstration); Marketing claim (transferability),V1; V2; V3; V4; V5; V6; V7,"V1 29:42-30:26; V3 02:07,16:33; V8 40:36","NQ/MNQ, ES/MES, SPX, SPY, QQQ",all,"EXACT V1 29:42 'What about Okay, indices, futures, what about individual stock? Applicable. Uh options, crypto - if you believe in that scam - futures, what about that? Applicable.' EXACT V8 40:36 'yes it works on Forex, yes it works on Futures, yes it works on options, yes it works on stocks, yes it works on indices, yes it works on Commodities'.","No FX, crypto, commodity or single-stock chart is ever worked through in the reviewed sample. One unlabelled gold reference (V1 30:26 'Does it work on gold? Absolutely') with no analysis.",n/a,"Classify all cross-market transferability as MARKETING CLAIM, not evidence."
R-035,ALL,Number of strategies,"Max states he runs six strategies, all of which are based on the ORB, two of which are his futures strategies.",Explicit but isolated,V8,V8 40:06,n/a,n/a,"EXACT V8 40:06 'you use the orb across six strategies ... all of them use the orb but the orb is the primary basis ... two of them, the orb is also my Futures Trading strategy'.",None.,n/a,Direct source support for the mandate's instruction not to treat ORB-labelled content as one strategy. He says so himself.
R-036,"F1,F2,F3,F4 (boundary entry)",Prospective conditional pre-commitment (the bracket),"Before resolution Max states BOTH branches: if price prints through beyond the boundary, take the continuation; if price returns inside the ORB, take the opposite side.",Explicit and repeated,V10 NF0qHcXp50o; V12 5TGYTazDvKA; V7 6NZYglh13u0,V10 12:50 and 13:15; V12 05:44 and 08:49; V7 14:33,NQ/MNQ + SPX,"1m primary, 15m context","EXACT V10 12:50 'I'm going short. I'm going short on the or[b] break ... We need to see printage, though. If I don't see printage, I'm not a fan.' EXACT V10 13:15 'if we pop back in the orb, I'm going long.' EXACT V12 05:44 'I would be looking for two things: one, a retracement back down to orb and then a bounce up; or two ... a continuation right to the upside. Anytime we see a close back inside of orb anywhere, that's an invalidation.'","None. But note it is a BRACKET, not a forecast - it does not say which branch will occur.",READY - codeable as an OCO,"RR-002 P-1. This is the structurally correct way to represent Max: one OCO strategy, not two competing hypotheses. Testing continuation and reversal as rivals tests something he never claimed."
R-037,ALL,There is no single correct entry - stated by the source,"Asked directly when to enter if there is no retest, Max declines to define one entry and lists several as equally valid.",Explicit but isolated - and it is decisive,V12 5TGYTazDvKA,V12 36:39 and 37:09,NQ / US indices,any,"EXACT V12 37:09 'you can enter right here on this close. You don't have to wait for this. It's not invalidated. You can enter on any close outside of orb ... on the smaller time frames you can enter here, here, here, here. I mean, you can enter on all of these. There's no there's no correct answer. Just make sure that you have your risk reward.' EXACT V12 36:39 'if you're waiting for a two candle close, or you waiting for retest, or are you waiting for market structure - there's a couple different ways to do it ... and they all have their own risk reward.'",Directly contradicts any claim that a single entry representation is THE Max rule.,n/a - it is a meta-rule,C-09. This outranks any inference the Analyst or the Research Agent could make. No single entry representation may be labelled 'Max's rule'.
R-038,"F1,F4 (boundary entry)",Live entry mechanism,"Entry is taken by hand at market, at or just beyond the boundary, in the seconds after a lower-timeframe print-through appears. A resting STOP order placed beyond the ORB before the break was NOT FOUND in any video.",Demonstrated but not formally taught (the mechanism); NOT FOUND (the pre-placed stop order),V10; V11; V7,"V10 13:40; V11 02:07,11:34,39:56; V7 12:52",NQ/MNQ,30s/1m,"EXACT V10 13:40 'Bang. Hold on. I'm taking right there. I'm taking it. I'm taking the long. I'm taking it. I'm in.' EXACT V11 02:07 'I jumped in off of this wick out.' EXACT V11 11:34 'Just off of a break out of orb, I'd probably take it with a crazy 10 point [stop]. I jumped in the long.'",Limit orders are also used (R-039) and one resting entry order is set at a non-ORB level (V10 07:43).,READY as a fill assumption (market at the boundary),RR-002 Q2. Do NOT describe EXP-008 as 'a resting stop at the ORB edge' - that is not verified and is not what he does.
R-039,F3 (post-break retest),Limit order on the retest,A limit order is placed at the level for a retest entry; fills are visibly unreliable.,Source supported but isolated (live); repeated as teaching,V10; V12; V11,"V10 13:15,19:12; V12 06:46,32:29; V11 04:17,39:30",NQ,1m,"EXACT V10 13:15 'I might even put like a limit. Hold on. I might put like a limit right here.' EXACT V10 19:12 'It filled me really bad though. I tried to fill at 59. It filled me.' EXACT V11 39:30 'I wanted my entry at 308. You're making me get in eight points away from [where] I wanted it.' EXACT V12 06:46 'breakout, test, secondary entry. This is where all professional traders would scale in, this is where you would double dip and you would go heavy.'",The TAUGHT retest is a SECOND entry after an already-successful break; the LIVE retest is an attempt at a better price on the FIRST entry. Not the same trade.,INCOMPLETE - retest tolerance still undefined (U-02),Any EXP-008 retest arm must model non-fills. He demonstrably fails to get filled.
R-040,ALL (boundary entry),"Initial stop, live","The initial stop is placed beyond the ENTRY CANDLE's extreme or the immediate swing point. Observed on NQ at 6, 6, 9, 9, 9, 10, 16.5 and 17 points.",Explicit and repeated,V10; V11,"V10 14:08,17:30,17:56,18:47,25:10; V11 11:34,11:59,12:49,16:44,17:09,39:05,39:56",NQ/MNQ,1m,EXACT V10 14:08 'Stop loss. Just that pre[vious] stop loss at [the] candle low ... Risking a total of nine points.' EXACT V11 39:05 'previous resistance you'd want to see turn support. Stop loss goes under the candle.' EXACT V11 39:56 'My stop loss is at new high. New high of the day.' EXACT V11 11:59 'I have a nine point stop loss if I just rip out of orb.',"V10 16:39 carries a runner with 'Okay, no stop loss'. V1 41:00 'There's no stop losses for me.' See C-12.",READY - this is the externally defined risk unit EXP-008 needs,RR-002 Q3. The stop exists at entry in every live example except runners; it is moved only in the profitable direction; no widened stop was found anywhere in 12 videos.
R-041,ALL (taught),"Initial stop, taught",Risk is the distance from entry back to the broken ORB boundary; invalidation is a close back inside the range.,Explicit and repeated,V12; V8,"V12 05:44,31:58,32:29,34:00,37:39,06:15; V8 14:52","US indices, NQ",15m and lower,EXACT V12 31:58 'when you break outside of orb you are risking your entry.' EXACT V12 34:00 'you risk three points ... but you made 16 points.' EXACT V12 37:39 'you had a [bad] entry and you risk six points but you still made 13 points.',"This is a DIFFERENT rule from R-040, attached to a different entry. They are not two numbers for one rule.",READY,"Confirms the Analyst's EXP-001 risk unit was source-faithful for the taught entry. For a BOUNDARY entry this distance collapses to ~0, which is precisely why R-040 is needed."
R-042,ALL,Cross-instrument confirmation,An NQ trade is gated on a named level breaking on SPX or ES.,Explicit and repeated,V10; V11,"V10 27:18,28:09; V11 06:02,08:59,10:15",NQ gated on SPX/ES,1m,"EXACT V10 27:18 'If we get above 84, I'm taking the long. If it goes above 84, I'll tell everyone right now.' EXACT V10 28:09 'We need SPX to flip and break above 84. And I'm going long.' EXACT V11 08:59 'If SPX prints through 75, if SPX prints below 75, I might take the starter position on a short.' EXACT V11 06:02 'If NQ trezys and S&P breaks 71, I'm going to go short.'",The levels themselves are hand-chosen on the day; the STRUCTURE (gate NQ on the paired index) is consistent.,PARTIALLY READY - the gating structure is codeable; the level selection is not,"RR-002 P-4. Genuinely new in cycle 2. The Analyst already holds aligned NAS100 and US500 series, so this is cheap to test with an Analyst-defined level rule."
R-043,F4 (counter-trend),Asymmetric confirmation latency,A trade WITH the prevailing trend needs one confirmation; a trade AGAINST it needs an additional confirmation candle.,Explicit but isolated,V10,V10 26:00,NQ,1m/30s,"EXACT V10 26:00 'I want to see a print through and a continuation. I'm going to be patient because it is downtrending and I don't want to fight the trend. So, I'm going to wait for the confirmation of the reversal before I take that ... I'm not going to jump on this candle. I'm going to wait for that confirmation candle cuz this thing could just wick down and kill it.'",None found.,PARTIALLY READY - needs an Analyst definition of 'trend',"This is the CLOSEST thing to a continuation-vs-reversal discriminator found anywhere, and it is a latency rule, not a selector. It does not predict which branch occurs."
R-044,ALL,"Five-minute opening range, live",Before 09:45 a 5-minute opening range (09:30-09:35) is tracked and referred to by name.,Demonstrated but not formally taught,V11,"V11 02:07,04:17 (15m range completes at V11 09:50)",NQ,5m,EXACT V11 02:07 'I'd love for NQ to break out of this 5minute orb.' EXACT V11 04:17 'broke out of the fiveminute orb already.',R-001 and V1 07:23 both state the method is the 15-minute range; V1 explicitly frames 5m as something other people do.,READY - construction is trivial,"C-10. This is the cleanest available explanation of what cycle 1 recorded as undifferentiated 'pre-ORB trading' (R-032), and it is testable."
R-045,ALL,Exit for the boundary entry,"Hold until invalidation (a close back inside the ORB), trimming at each counter-structure point; full exit on the second.",Explicit and repeated,V12,"V12 05:44,26:21,29:25,29:57,37:09",US indices,15m and 1m,"EXACT V12 26:21 'here is your first exit, your first trim is that newer low, and then any newer low after that would have been a full exit.' EXACT V12 29:25 'Here's your trim, here's your exit. You ride it until the invalidation.' EXACT V12 29:57 'go long until it's invalidated ... once you get the invalidations then you have your confirmation to get out.'","Live he scales out far earlier and trails the stop behind every candle (V11 13:41-15:52, five moves in about two minutes).",READY once a swing rule is fixed,RR-002 Q4. This is the only exit stated as a RULE for the boundary entry. Do not reuse MC-1's midline/opposite-edge exit here.
R-046,ALL,News-day avoidance,Avoid days when the Fed chair is speaking.,Explicit but isolated,V11,V11 78:22; related V11 08:34,NQ,n/a,"EXACT V11 78:22 'There's a day where Powell's talking, guys. Try to stay away as much as possible.' EXACT V11 08:34 'we need to catch a trade within 15 minutes or we need to ride that 10:00 and potential reversal with JP.'",He traded that day anyway and ended green.,READY with an economic calendar,"The only no-trade condition in the whole evidence base that is tied to an external, objective calendar."
R-047,ALL,No backtesting,Max states he has never backtested and only forward-tests.,Explicit but isolated,V10,V10 10:42,n/a,n/a,"EXACT V10 10:42 (audience Q on backtesting) 'I've never back tested a day in my life. Ever. I forward test. I just trade on the market. I just trade, bro.'",V4 27:08 appeals to 'the large statistical data' for CL-012; V2 23:33 appeals to '20 years worth of data' for the Friday claim. He cannot both have never backtested and have compiled that data personally.,n/a,Material to how CL-012 and CL-014 should be weighted. Recorded in CLAIMS_REGISTER as CL-018.
R-048,ALL,Fibonacci 78.6% as a final target,A fib 78.6 retracement level is used as the final take-profit and as a reversal watch level.,Explicit but isolated,V10,"V10 23:26,24:18,32:54,34:09",NQ,1m,"EXACT V10 23:26 'The top of this 786 would be the reversal I'd be looking for. If it can go there, that would be the final TP.' EXACT V10 34:09 'look at all these taps of the 786.'","Not mentioned in any of the nine cycle-1 videos, nor in V11 or V12.","n/a - flagged, not adopted",Recorded because it is a NEW LEVEL CLASS. It must not be quietly folded into an ORB specification on the strength of one session.
R-049,ALL,Confirmation latency — universal form,"Do not enter on the candle that produces the signal; enter on the next one, or a later one.",Explicit and repeated (3x in one video),V13 vTnk9C8u5RQ,"V13 00:00, 01:04, 01:46, 02:07",NQ/MNQ,1m,EXACT V13 01:04 'It's not the candle you think you should enter on. It's usually the next one. You wait for things to play out before you enter. That's the biggest key.' EXACT V13 01:46 'So it's never the candle you think it is. It's usually the one after or a couple after that's going to be the setup.' EXACT V13 02:07 'You want to wait for it to round and even break structure back to the upside for that jump.',None. It generalises R-043 from counter-trend-only to universal.,READY,"CYCLE 3. Sharpens the confirmation family: a one-candle-plus delay is now taught as a universal principle. The programme measures one minute of delay at -0.155R, so this moves the source further onto the wrong side of that finding, not closer."
R-050,ALL,Initial stop sized to the recent wick distribution,"Set the stop wider than the recent wicks — if the last ~20 candles carry 15-20 point wicks, use a ~25 point stop and size down to micros to afford it.",Explicit but isolated,V13 vTnk9C8u5RQ,V13 05:57-06:38,NQ/MNQ,1m,"EXACT V13 05:57 'The previous 20 candles had 15 to 20 point wicks, but you got a five-point stop-loss and you don't think this is going to wick. You need to do either two things here. One, you need to check your size and go down maybe to three or four micros instead of a mini and allow that 25 point stop loss. Or two, you need to just let the trade breathe.'","Coexists with R-040 (entry candle extreme, 6-17 pts), R-041 (entry back to the ORB boundary) and R-014 (three-bar, bar 2 extreme). Four stop constructions now.",READY and objectively codeable,"CYCLE 3, and the most consequential item in it. It implies R ~25 pts rather than the ~9 pts tested, which would cut cost/R to ~0.053R. BUT the Analyst has already measured gross edge at R>=20 as NEGATIVE (-0.034R), so widening destroys the signal faster than it saves cost. This CONFIRMS the closure against the obvious 'your stop was too tight' objection."
R-051,ALL,Three bar named TRT,"The three-bar pattern is formally named TRT — trend, range, trend.",Explicit and repeated,V13; V14,"V13 02:07-02:28; V14 03:04, 12:57, 22:49, 25:20",NQ,any,"EXACT V14 03:04 'the max way is built off of two simple principles. The market can only trend. The market can only range and the market can only trend again after that range. It's called TRT. Trend, range, trend.' EXACT V14 08:12 'if you enter that three bar break, your risk is just the high of the second bar.'",None.,READY,Naming only; confirms R-013 and R-014 unchanged.
R-052,ALL,BNR is the same object as a market-structure retest,"Break-and-retest and the higher-low / lower-high of market structure are, in his vocabulary, the same thing.",Explicit but isolated,V14 umBODqRzLnQ,V14 09:29,NQ,1m,"EXACT V14 09:29 'You know what these market structures are? We call them higher lows, higher lows, lower lows, lower highs, right? They're retests. That's what they are. They're break and retests. We call them market structure, which is so important. I call them break and retest.'",Still supplies no tolerance — how close is a retest.,PARTIAL — U-02 still open on tolerance,CYCLE 3. Closest the corpus comes to defining BNR.
R-053,ALL,"Trailing is automated, and a measured trail distance exists",Structure trailing is now run by an automated ATM configuration; one measured instance trailed 12 points on NQ through an 80-point move.,Demonstrated but not formally taught,V13 vTnk9C8u5RQ,V13 04:12-05:14,NQ/MNQ,1m,"EXACT V13 04:33 'The automated trailing is something Logan put on my charts and I became addicted to it ... it's Logan's ATM settings that I use on Tradeify and wealth charts.' EXACT V13 04:54 'this morning I entered my long and it ripped up 80 points and I was up $5,000 per account and it trailed 12 points. Just trailed 12 points the whole way.' EXACT V13 05:14 'It's almost impossible to catch a 100 to 200 point trade when you're trailing so close because wicks can happen.'",R-031 records an 80/70/60-tick trail (20/17.5/15 pts). The 12-point figure is tighter.,READY,"CYCLE 3. First MEASURED trail distance in the corpus, and he states its cost himself."
R-054,ALL,"No pre-market work, with a time",He does not look at the market before 09:27 ET.,Explicit but isolated,V14 umBODqRzLnQ,V14 29:08,NQ,n/a,EXACT V14 29:08 'I know I dont look at the market till 9:27. I dont give a [ __ ] what happens because Im a scalper. I dont care what happened at 6:00 in the morning. I need 5 minutes of good price action. Thats all I need to be successful.',None. Confirms and times R-004.,READY,CYCLE 3.
R-055,ALL,Additional named markers,M and W patterns; psychological round-number levels; 'left shoulder'/'cliff' imbalances; 'cabbage patch' clusters; 'seller wicks'.,Explicit but isolated,V14 umBODqRzLnQ,"V14 07:21, 33:20, 34:35, 35:00",NQ; S&P referenced,1m,"EXACT V14 07:21 'We have an up move, down move creates our M right here ... This is an entry with a wildly high success rate.' EXACT V14 33:45 'There is an imbalance on this chart happens to be right around 507. 507, seven points above 500. A major psychological level.' EXACT V14 35:00 'Seller wick. Seller wick ... If these seller wicks got taken out, you think these guys are going to sit here and take losses? They are going to go long and jump on the train.'","None; these are additional markers, not a system change.",Objective but unquantified (no tolerance for any of them),CYCLE 3. Recorded so they are not quietly adopted. None is proposed for testing.
R-056,ALL,MVG mechanism stated — and it is incorrect,He explains the MVG as institutional data feed lag from the CME to charting providers.,"Explicit but isolated, and TECHNICALLY WRONG",V14 umBODqRzLnQ,V14 13:50-14:17,NQ,any,"EXACT V14 13:50 'It is institutional data lagging from the data provider. The CME sends the information out to Trading View, Tradeify, Wealth Charts ... and sometimes that data lags because of a massive order block during the time stamp ... That lag is what I call an MVG. I am pretty sure I invented this.'","A candle with no wick on one side is an ordinary price gap between consecutive bars — the standard fair-value-gap construct, which predates him. There is no data-feed-lag mechanism; exchange data is timestamped at the exchange and a lag would not manifest as a missing wick.","n/a — flagged, not adopted","CYCLE 3 credibility flag. The marker may have whatever value it has as a price feature, but the stated mechanism is false and the originality claim is not supportable. Do not adopt on the strength of the mechanism. See CL-026."
